{"train/train_loss": 0.07581325670672028, "train/lr": 1.8310546875e-08, "val/val_loss": 0.09751469269394875, "val/xyz(mm)": 53.49934005737305, "val/RPY(deg)": 20.420822143554688, "_timestamp": 1746662653.170448, "_runtime": 4378.33788394928, "_step": 357}