{"train/train_loss": 0.07913970723175452, "train/lr": 1.875e-05, "val/val_loss": 0.09548227116465569, "val/xyz(mm)": 54.01979446411133, "val/RPY(deg)": 21.557083129882812, "_timestamp": 1746660518.0742695, "_runtime": 2243.241705417633, "_step": 180}