{"train/train_loss": 0.07527413759750483, "train/lr": 1.8310546875e-08, "val/val_loss": 0.09447313658893108, "val/xyz(mm)": 54.158870697021484, "val/RPY(deg)": 20.351675033569336, "_timestamp": 1746670388.7687817, "_runtime": 12113.936217546463, "_step": 999, "_wandb": {"runtime": 12112}}