{"train/train_loss": 0.0756172028114252, "train/lr": 3.662109375e-08, "val/val_loss": 0.0893835611641407, "val/xyz(mm)": 50.60227584838867, "val/RPY(deg)": 19.877653121948242, "_timestamp": 1746662075.343094, "_runtime": 3800.5105299949646, "_step": 309}