{"train/train_loss": 0.07933687620547474, "train/lr": 1.875e-05, "val/val_loss": 0.08733690530061722, "val/xyz(mm)": 53.05902099609375, "val/RPY(deg)": 21.926603317260742, "_timestamp": 1746660542.3398795, "_runtime": 2267.5073153972626, "_step": 182}